txns,ElleKV,TimeKiller,Emme
5000,1.468,0.342,2.37365
10000,2.323,0.433,9.67495
20000,3.657,0.552,43.92352
30000,5.826,0.690,97.84114
40000,7.303,0.808,100
50000,8.628,0.985,100
60000,10.019,1.077,100
70000,12.093,1.192,100
80000,13.589,1.402,100
90000,14.498,1.565,100
100000,17.275,1.64,100