txns,PolySI,Viper,TimeKiller,ElleKV,Emme
100,0.267,0.11,0.168,0.175,0.00295
250,0.599,0.80,0.185,0.221,0.01026
500,1.284,4.31,0.203,0.316,0.03058
1000,3.551,84.17,0.234,0.478,0.10014
1500,9.596,100,0.237,0.555,0.21589
2000,14.413,100,0.254,0.680,0.37334
2500,28.456,100,0.263,0.838,0.65781
3000,51.919,100,0.283,1.086,0.89958

