time,check,db
0.0 , 791.6666666666666,791.6666666666666
1.0 , 3996.65,4158.333333333333
2.0 , 2370.0,3683.3333333333335
3.0 , 1066.6666666666667,925.0
4.0 , 966.6833333333333,483.3333333333333
5.0 , 1033.3166666666666,516.6666666666666
6.0 , 841.6833333333333,550.0
7.0 , 633.3333333333334,591.6666666666666
8.0 , 546.4166666666666,600.0
9.0 , 645.25,650.0
10.0 , 691.6666666666666,691.6666666666666
11.0 , 700.0,666.6666666666666
12.0 , 700.0,683.3333333333334
13.0 , 708.3333333333334,700.0