sessions,keys,txns,ops,cobra_succ,cobra_abort,mini_succ,mini_abort
4,200,1000,20,55.838333333333345,44.161666666666655,98.75,1.25
8,200,1000,20,42.611666666666665,57.388333333333335,96.99,3.010000000000005
12,200,1000,20,36.88833333333333,63.11166666666667,95.735,4.265000000000001
16,200,1000,20,36.12500000000001,63.87499999999999,94.04166666666667,5.958333333333329
20,200,1000,20,34.040000000000006,65.96,93.79333333333332,6.206666666666678
24,200,1000,20,33.16666666666667,66.83333333333333,92.14166666666665,7.8583333333333485
