sessions,keys,txns,ops,cobra_succ,cobra_abort,mini_succ,mini_abort
8,100,1000,20,35.611666666666665,64.38833333333334,93.28333333333333,6.716666666666669
8,200,1000,20,41.138333333333335,58.861666666666665,97.10666666666667,2.893333333333331
8,500,1000,20,53.55666666666667,46.44333333333333,98.83333333333334,1.1666666666666572
8,1000,1000,20,63.541666666666664,36.458333333333336,98.57166666666669,1.4283333333333132
8,2000,1000,20,70.74,29.260000000000005,98.03666666666668,1.963333333333324
8,5000,1000,20,76.04833333333333,23.951666666666668,97.04666666666667,2.953333333333333
