sessions,keys,txns,ops,cobra_check,mini_check
8,100,1000,20,3.7166,0.0594
8,200,1000,20,1.4506,0.060200000000000004
8,500,1000,20,0.9756,0.0596
8,1000,1000,20,0.8956000000000001,0.0606
8,5000,1000,20,0.7226,0.0654