sessions,keys,txns,ops,cobra_succ,cobra_abort,mini_succ,mini_abort
8,300,100,20,47.13,52.87,96.89,3.1099999999999994
8,300,500,20,47.26,52.74,97.68500000000002,2.3149999999999835
8,300,1000,20,47.041666666666664,52.958333333333336,97.52833333333334,2.471666666666664
8,300,2000,20,45.48666666666667,54.51333333333333,97.68666666666665,2.313333333333347
8,300,3000,20,45.705,54.295,97.76333333333334,2.2366666666666646
