sessions,keys,txns,ops,cobra_gen,cobra_check,mini_gen,mini_check
8,300,100,8,1.0055133333333333,0.23433333333333334,1.0049833333333333,0.058666666666666666
8,300,500,8,2.6068160000000002,1.8117999999999999,2.2081060000000003,0.0988
8,300,1000,8,4.20629,25.8564,2.8093980000000003,0.1238
8,300,2000,8,8.408976,352.79540000000003,5.40753,0.2008
8,300,3000,8,8.613515999999999,1049.4823999999999,6.007912,0.24719999999999998
