sessions,keys,txns,ops,cobra_gen,cobra_check,mini_gen,mini_check
8,100,2000,8,9.612254,307.8936,6.00709,0.183
8,500,2000,8,6.207624000000001,264.5654,5.607364,0.1724
8,1000,2000,8,5.509399999999999,197.296,4.2568725,0.1745
8,2000,2000,8,5.7594875000000005,195.06075,5.25736,0.20625
8,5000,2000,8,5.609886,170.315,4.406224,0.18980000000000002
8,10000,2000,8,4.407228,156.106,4.005866,0.19619999999999999
