sessions,keys,txns,ops,cobra_gen,cobra_check,mini_gen,mini_check
8,300,2000,4,5.406834,205.23420000000002,4.4061639999999995,0.18580000000000002
8,300,2000,8,6.613144,263.94620000000003,4.810474,0.1778
8,300,2000,12,9.01404,312.11920000000003,4.612122,0.18780000000000002
8,300,2000,16,9.612212000000001,369.4712,4.814562,0.20959999999999998
8,300,2000,20,13.215876,420.70840000000004,4.00708,0.1904
