sessions,keys,txns,ops,cobra_gen,cobra_check,mini_gen,mini_check
8,100,1000,4,1.003434,5.9082,1.00339,0.0432
8,100,1000,12,2.803868,10.393600000000001,0,0
8,100,1000,16,3.604836,14.133799999999999,0,0
8,100,1000,20,7.605434000000001,16.735799999999998,0,0
8,100,1000,24,8.006356,19.112,0,0
