sessions,keys,txns,ops,cobra_gen,cobra_check,mini_gen,mini_check
8,100,1000,4,1.003434,5.9082,1.00339,0.0432
8,100,1000,12,2.803868,10.393600000000001,1.00304,0.039200000000000006
8,100,1000,16,3.604836,14.133799999999999,1.003032,0.041
8,100,1000,20,7.605434000000001,16.735799999999998,1.003098,0.0394
8,100,1000,24,8.006356,19.112,1.0042119999999999,0.0404
