sessions,keys,txns,ops,cobra_succ,cobra_abort,mini_succ,mini_abort
8,100,1000,4,80.97333333333333,19.02666666666667,94.45500000000001,5.5449999999999875
8,100,1000,12,47.39333333333333,52.60666666666667,93.78833333333333,6.211666666666673
8,100,1000,16,40.62166666666667,59.37833333333333,94.61,5.390000000000001
8,100,1000,20,36.144999999999996,63.855000000000004,93.61333333333333,6.38666666666667
8,100,1000,24,34.755,65.245,94.50333333333334,5.4966666666666555
