sessions,keys,txns,ops,cobra_gen,cobra_check,mini_gen,mini_check
8,300,100,20,1.0030299999999999,0.2055,1.0028075,0.02425
8,300,500,20,1.003336,1.8424,1.003626,0.032600000000000004
8,300,1000,20,1.6053600000000001,11.302,1.002834,0.0404
8,300,2000,20,4.605334000000001,187.598,1.0027880000000002,0.0546
8,300,3000,20,6.4067799999999995,696.3586,1.0034260000000002,0.06720000000000001
