sessions,keys,txns,ops,kd,polysi_gen,polysi_check,mini_gen,mini_check
8,300,100,8,0,1.007318,0.4132,1.005452,0.052399999999999995
8,300,500,8,0,2.405818,1.156,2.005138,0.07640000000000001
8,300,1000,8,0,4.083678,2.3214,2.805708,0.1138
8,300,5000,8,0,15.020072,41.5486,9.41066,0.3536
8,300,10000,8,0,28.623366,242.99679999999998,16.614158000000003,0.5252
