sessions,keys,txns,ops,kd,polysi_gen,polysi_check,mini_gen,mini_check
8,100,2000,8,0,12.412595999999999,10.675,6.408296,0.19419999999999998
8,500,2000,8,0,7.809868000000001,5.166,5.207361999999999,0.1768
8,1000,2000,8,0,6.6082339999999995,3.3174,4.806839999999999,0.17980000000000002
8,2000,2000,8,0,5.607489999999999,2.6246,4.206844,0.1774
8,5000,2000,8,0,7.010851999999999,2.035,4.80641,0.1846
8,10000,2000,8,0,5.406718,1.6898,3.8056639999999997,0.1804
