sessions,keys,txns,ops,polysi_gen,polysi_check,mini_gen,mini_check
8,500,100,20,1.0029059999999999,0.2832,1.002838,0.027800000000000002
8,500,500,20,1.003274,0.9566,1.003166,0.045200000000000004
8,500,1000,20,1.403606,2.4692,1.002988,0.055799999999999995
8,500,5000,20,5.40548,118.297,1.0029100000000002,0.1382
8,500,10000,20,11.608334000000001,924.6641999999999,2.004004,0.247
