sessions,keys,txns,ops,kd,polysi_gen,polysi_check,mini_gen,mini_check
8,100,2000,20,0,20.609436,19.8536,1.002932,0.0798
8,500,2000,20,0,4.205838000000001,11.3868,1.002976,0.07740000000000001
8,1000,2000,20,0,2.007094,6.328,1.003306,0.0814
8,2000,2000,20,0,2.0067760000000003,4.353,1.003814,0.08
8,5000,2000,20,0,2.005204,2.6048,1.003012,0.07840000000000001
8,10000,2000,20,0,2.004562,1.8714000000000002,1.002842,0.08
