sessions,keys,txns,ops,polysi_gen,polysi_check,mini_gen,mini_check
8,100,2000,8,11.019371999999999,15.2416,6.610864000000001,0.21580000000000002
8,500,2000,8,7.810812,5.8732,5.20683,0.213
8,1000,2000,8,6.236464,4.2046,4.21094,0.207
8,2000,2000,8,5.007494,3.1424000000000003,4.008426,0.2186
8,5000,2000,8,4.407719999999999,2.266,3.610446,0.21280000000000002
8,10000,2000,8,4.40681,1.9808,4.2066300000000005,0.2044
