sessions,keys,txns,ops,polysi_gen,polysi_check,mini_gen,mini_check
8,300,100,8,1.3390433333333334,0.496,1.0109833333333333,0.05733333333333333
8,300,500,8,5.809252000000001,1.1912,2.007606,0.102
8,300,1000,8,5.0144925,2.68575,4.507935000000001,0.13075
8,300,5000,8,22.857257999999998,47.192,18.816026,0.4012
8,300,10000,8,29.229656,246.0144,17.819174000000004,0.5942000000000001
