sessions,keys,txns,ops,polysi_gen,polysi_check,mini_gen,mini_check
8,300,2000,4,5.607734,3.333,4.806584,0.21580000000000002
8,300,2000,8,8.810478,7.421600000000001,5.007264,0.2052
8,300,2000,12,12.219198,12.638,5.807138,0.2006
8,300,2000,16,13.881744000000001,16.407400000000003,6.809210000000001,0.1926
8,300,2000,20,15.615268000000002,21.4292,4.405814,0.2026
