sessions,keys,txns,ops,kd,polysi_gen,polysi_check,mini_gen,mini_check
8,300,2000,4,0,4.607242,2.813,4.407462000000001,0.171
8,300,2000,8,0,6.40799,5.986800000000001,4.406102000000001,0.1744
8,300,2000,12,0,11.431346000000001,11.6486,4.6090680000000015,0.1648
8,300,2000,16,0,15.813034,16.1924,4.206618,0.16540000000000002
8,300,2000,20,0,20.270124,22.0054,4.207298000000001,0.1674
