sessions,keys,txns,ops,polysi_gen,polysi_check,mini_gen,mini_check
8,200,2000,4,1.003296,1.9855999999999998,1.003878,0.07840000000000001
8,200,2000,12,2.604322,9.7512,1.00294,0.0778
8,200,2000,16,5.60532,13.6304,1.003224,0.0792
8,200,2000,20,9.405884,16.53,1.003284,0.07740000000000001
8,200,2000,30,11.006677999999999,19.270599999999998,1.0027720000000002,0.078
