sessions,keys,txns,ops,cobra_succ,cobra_abort,mini_succ,mini_abort
8,500,100,20,55.93833333333335,44.06166666666665,98.83333333333333,1.1666666666666714
8,500,500,20,56.49833333333333,43.50166666666667,98.83833333333332,1.161666666666676
8,500,1000,20,55.14833333333333,44.85166666666667,98.92500000000001,1.0749999999999886
8,500,5000,20,52.85166666666667,47.14833333333333,98.69333333333333,1.306666666666672
8,500,10000,20,52.733333333333334,47.266666666666666,98.61333333333332,1.3866666666666845
