sessions,keys,txns,ops,cobra_succ,cobra_abort,mini_succ,mini_abort
8,100,2000,20,35.651666666666664,64.34833333333333,94.31166666666667,5.688333333333333
8,500,2000,20,53.575,46.425,98.75333333333333,1.2466666666666697
8,1000,2000,20,64.935,35.065,99.34833333333334,0.6516666666666566
8,2000,2000,20,77.15166666666667,22.84833333333333,99.71666666666667,0.28333333333333144
8,5000,2000,20,88.265,11.735,99.84166666666668,0.15833333333331723
8,10000,2000,20,94.01166666666666,5.988333333333344,99.94166666666669,0.0583333333333087
