sessions,keys,txns,ops,cobra_succ,cobra_abort,mini_succ,mini_abort
4,200,1000,20,56.006666666666675,43.993333333333325,98.65833333333333,1.3416666666666686
8,200,1000,20,42.915,57.085,96.985,3.0150000000000006
12,200,1000,20,38.475,61.525,96.295,3.7049999999999983
16,200,1000,20,35.9,64.1,94.95833333333333,5.041666666666671
20,200,1000,20,35.67333333333333,64.32666666666667,93.61666666666667,6.383333333333326
24,200,1000,20,34.10166666666667,65.89833333333334,92.81833333333334,7.181666666666658
