sessions,keys,txns,ops,cobra_succ,cobra_abort,mini_succ,mini_abort
8,200,2000,4,88.05999999999999,11.940000000000012,96.89666666666668,3.1033333333333246
8,200,2000,12,55.720000000000006,44.279999999999994,97.125,2.875
8,200,2000,16,47.51833333333333,52.48166666666667,96.78833333333334,3.211666666666659
8,200,2000,20,41.44166666666666,58.55833333333334,96.92000000000002,3.079999999999984
8,200,2000,30,35.375,64.625,96.88333333333333,3.1166666666666742
